"","dist_FGW","runtime.GG","runtime.FGW"
"1",0.0452013867251606,10.893,0.117999999999999
"2",0.0434150239625367,18.297,0.198999999999998
"3",0.0291135414716007,11.181,0.0260000000000034
"4",0.0328735100050163,14.837,0.0210000000000008
"5",0.0886133865418842,13.062,6.34599999999999
"6",0.0376272125250764,11.641,0.0280000000000058
"7",0.0350044024443241,13.345,0.0259999999999962
"8",0.0187244799602593,13.41,0.0259999999999962
"9",0.0618772060948037,16.46,0.0529999999999973
"10",0.0269915303130945,9.792,0.0289999999999964
"11",0.0197378608157285,15.662,0.054000000000002
"12",0.0341731739724115,13.499,0.0240000000000009
"13",0.0606594028178807,17.084,0.0600000000000023
"14",0.0671904248644854,13.192,0.0480000000000018
"15",0.0341540045836062,15.302,0.0209999999999866
"16",0.0260770450911347,32.709,0.12299999999999
"17",0.0560082329065367,27.017,0.105000000000018
"18",0.0512344502696461,30.319,0.131000000000029
"19",0.0591651672359507,23.448,0.0960000000000036
"20",0.0485853032404852,29.54,0.117999999999995
"21",0.0588255735175164,22.048,0.05600000000004
"22",0.0361137938040921,28.883,0.165999999999997
"23",0.0400927408878231,30.327,0.100999999999999
"24",0.0391959447170337,24.579,0.125999999999976
"25",0.0408415108462032,33.455,0.187999999999988
"26",0.0644591903761409,30.721,0.115999999999985
"27",0.00655248129179675,33.559,0.0450000000000728
"28",0.08434469055992,14.553,0.206000000000017
"29",0.0258774157846121,16.002,0.0470000000000255
"30",0.0372943294161863,14.691,0.0109999999999673
"31",0.0463490752073834,14.374,0.0230000000000246
"32",0.0604344729157313,15.4,0.0509999999999309
"33",0.0787571252391345,14.4450000000001,0.0449999999999591
"34",0.0451433059934807,12.8099999999999,0.0220000000000482
"35",0.0395997351825403,12.354,0.01400000000001
"36",0.034346876706741,12.3050000000001,0.0230000000000246
"37",0.055779068293204,13.7239999999999,0.0209999999999582
"38",0.0557995297736796,17.6030000000001,0.0900000000000318
"39",0.05266442654543,15.6460000000001,0.0430000000000064
"40",0.0210100785053094,12.199,0.0110000000000809
"41",0.0266406605011398,13.788,0.0109999999999673
"42",0.0390976115976695,25.3140000000001,0.144999999999982
"43",0.0358285531286779,14.61,0.0430000000000064
"44",0.0578737911801741,10.715,0.264999999999986
"45",0.0458212581981279,10.6800000000001,0.169999999999959
"46",0.0234514616270427,15.706,0.0449999999999591
"47",0.0344727855990358,16.221,0.168999999999983
"48",0.0064016203285342,19.711,0.0230000000000246
"49",0.0406857996718234,10.7090000000001,0.128000000000043
"50",0.0283045130213322,17.7869999999999,0.176000000000045
"51",0.0605170067664044,16.515,0.0210000000000719
"52",0.0594707507067435,14.1429999999999,0.0109999999999673
"53",0.0243983538728479,20.276,0.0120000000000573
"54",0.0210269928701912,42.2980000000001,0.11200000000008
"55",0.0574952282587935,33.0830000000001,0.105000000000018
"56",0.0426409607551266,27.049,0.192999999999984
"57",0.0710588448215388,42.4779999999998,0.184999999999945
"58",0.0642069422763878,37.5130000000001,0.167999999999893
"59",0.0525849755028404,42.2840000000001,0.205999999999904
"60",0.0625941960905473,35.6760000000002,0.118000000000166
"61",0.0388531410338925,56.1900000000001,0.202999999999975
"62",0.00671547541785278,37.499,0.143000000000029
"63",0.0353027342023722,43.212,0.0219999999999345
"64",0.0663616938360302,41.25,0.243999999999915
"65",0.0843858503921272,28.6139999999998,0.434999999999945
"66",0.0236632817739939,32.7930000000001,0.355000000000018
"67",0.0457133852700418,25.6990000000001,0.399000000000115
"68",0.0587298604381085,35.8820000000001,0.27800000000002
"69",0.0492960822132285,22.8889999999999,0.566000000000031
"70",0.0313993319017009,18.8150000000001,0.379999999999882
"71",0.0518761012863748,17.182,0.0809999999999036
"72",0.0511107228797289,23.1219999999998,0.0909999999998945
"73",0.0159464267184579,32.3309999999999,0.150000000000091
"74",0.0292788193449689,23.731,0.0220000000001619
"75",0.0704162238946606,18.828,0.0349999999998545
"76",0.0656453533882391,26.3520000000001,0.0229999999999109
"77",0.0427558228972371,33.6760000000002,0.378999999999905
"78",0.0802211307184342,18.2809999999999,0.0240000000001146
"79",0.0550827093486258,26.1870000000001,0.102000000000089
"80",0.0273010118606833,19.28,0.115000000000009
"81",0.0234371280043319,22.7540000000001,0.472999999999956
"82",0.0791738864631303,29.509,0.0589999999999691
"83",0.046140982985791,30.4579999999999,0.146999999999935
"84",0.0593771826098858,26.3900000000001,0.0309999999999491
"85",0.0613301752895652,20.1660000000002,0.26299999999992
"86",0.0481893907538015,28.3019999999999,0.701000000000022
"87",0.0513095704951035,26.5970000000002,0.182999999999993
"88",0.0232825117767227,20.0740000000001,0.0250000000000909
"89",0.0730525089777649,42.9519999999998,0.0460000000002765
"90",0.055783547418802,40.9970000000003,0.0779999999999745
"91",0.0451759869017388,41.2059999999997,0.0789999999997235
"92",0.0173863099717688,48.7750000000001,0.271999999999935
"93",0.0393118813711119,36.2919999999999,0.18100000000004
"94",0.0384136005057232,44.105,0.163000000000011
"95",0.0244622565634829,44.212,0.251999999999953
"96",0.0281658430419761,31.7449999999999,0.162000000000262
"97",0.044690474456066,20.6419999999998,0.0199999999999818
"98",0.0359926274002264,29.3129999999996,0.0249999999996362
"99",0.0183972966089282,28.2850000000003,0.0279999999997926
"100",0.0121905781229905,40.366,0.153000000000247
"101",0.0598536664373929,22.8270000000002,0.254999999999654
"102",0.0067197134066328,21.8620000000001,0.248000000000047
"103",0.0629379505315536,14.5749999999998,0.414000000000215
"104",0.0334825041790845,16.413,0.213999999999942
"105",0.0266209393607841,18.8760000000002,0.0999999999999091
"106",0.0243768531156401,35.1519999999996,0.0940000000000509
"107",0.0427955730030505,19.8889999999997,0.0219999999999345
"108",0.0218530737331666,23.5540000000001,0.0259999999998399
"109",0.0482935623011664,21.4970000000003,0.0229999999996835
"110",0.0339065868332572,24.8580000000002,0.0869999999999891
"111",0.033286934645641,28.5590000000002,0.0419999999999163
"112",0.0211612589447613,12.5149999999999,0.0239999999998872
"113",0.0301098345442686,15.5129999999999,0.0440000000003238
"114",0.0144823104553838,25.5550000000003,0.0270000000000437
"115",0.0380190464101817,28.3670000000002,0.0229999999996835
"116",0.0353788653993109,27.5949999999998,0.0230000000001382
"117",0.0546010248627345,20.6080000000002,0.0809999999996762
"118",0.0328317554321134,18.6659999999997,0.012000000000171
"119",0.0639632614821309,21.7090000000003,0.218000000000302
"120",0.0819601559321182,24.1619999999998,11.2930000000001
"121",0.081424176324161,19.922,0.0420000000003711
"122",0.0262891452510031,27.0799999999999,0.278999999999996
"123",0.0631424342561884,35.1889999999999,0.244999999999891
"124",0.0743571293076816,22.2359999999999,0.206000000000131
"125",0.028083669595292,24.9339999999997,0.0280000000002474
"126",0.0636293499251217,17.9879999999998,0.0190000000002328
"127",0.0160584341161166,22.2479999999996,0.0229999999996835
"128",0.0415712216697637,28.2560000000003,0.157000000000153
"129",0.0524644890298578,20.6019999999999,0.188000000000102
"130",0.0318934236484039,18.7000000000003,0.0230000000001382
"131",0.0262342378133744,22.797,0.0280000000002474
"132",0.0691963187256935,24.5459999999998,0.156000000000404
"133",0.0193393171715009,29.9319999999998,0.0170000000002801
"134",0.0421938849233326,20.9159999999997,0.0289999999999964
"135",0.0643922359047389,25.2990000000004,0.0249999999996362
"136",0.0719100573060828,32.2929999999997,0.0470000000000255
"137",0.0601030948092186,28.1119999999996,0.0330000000003565
"138",0.0525847349378015,23.413,0.031999999999698
"139",0.0302474945224292,18.7249999999999,0.0819999999998799
"140",0.0525755279696043,20.9639999999999,0.221000000000004
"141",0.0793894190035693,17.3589999999999,0.244999999999891
"142",0.0830831584912829,31.855,0.248999999999796
"143",0.0100946041274427,16.6620000000003,0.0480000000002292
"144",0.0369910605179876,22.8639999999996,0.119999999999891
"145",0.0434367464888131,16.5790000000002,0.151000000000295
"146",0.0480787330967504,21.6860000000001,0.0280000000002474
"147",0.052294406985807,30.0920000000001,0.29300000000012
"148",0.0431918121960509,22.5460000000003,0.159999999999854
"149",0.0563218915307044,20.6080000000002,0.0180000000000291
"150",0.0600739017431166,29.261,0.0929999999998472
"151",0.0626695754400639,32.4240000000004,0.199000000000069
"152",0.0132879705579173,36.0100000000002,0.0219999999999345
"153",0.0748180804635268,31.6910000000003,0.0679999999997563
"154",0.0454314526203646,45.5819999999999,0.222999999999956
"155",0.0472478351164838,34.2339999999999,0.131999999999607
"156",0.015405176573118,48.5709999999999,0.341000000000349
"157",0.0539455151342848,38.2549999999997,0.315000000000055
"158",0.0634400663359937,27.8000000000002,0.278000000000247
"159",0.0532830629799527,25.6100000000001,0.398999999999887
"160",0.0541648905707242,28.8860000000004,0.391999999999825
"161",0.0446989792070763,20.241,0.166000000000167
"162",0.03792370162479,15.6499999999996,0.270999999999731
"163",0.0492519274164385,33.3289999999997,0.301000000000386
"164",0.0316849034838066,24.5419999999995,0.189000000000306
"165",0.0826414565164805,16.2390000000005,0.0160000000005311
"166",0.0337012071941112,15.8280000000004,0.0379999999995562
"167",0.0368755742860533,20.8709999999992,0.0559999999995853
"168",0.0681429643317678,28.5849999999991,0.0200000000004366
"169",0.0403144931923672,24.0259999999998,0.305999999999585
"170",0.0705397618456819,23.3490000000002,0.123999999999796
"171",0.0609169119179854,25.0590000000002,0.358999999999469
"172",0.028367243732328,18.6409999999996,0.0239999999994325
"173",0.0441335269571347,21.2960000000003,0.172999999999774
"174",0.0671597940696828,29.7640000000001,0.103000000000065
"175",0.0570528464632701,24.3940000000002,0.043999999999869
"176",0.0374717460536046,24.3890000000001,0.0540000000000873
"177",0.032496913820707,36.1220000000003,0.0500000000001819
"178",0.0573421583157096,15.3900000000003,0.0410000000001673
"179",0.0364060491864966,21.8409999999994,0.0579999999999927
"180",0.0482653013689016,27.2030000000004,0.259000000000015
"181",0.0335978541262194,22.7969999999996,0.326000000000022
"182",0.0648952550754446,14.5569999999998,0.179000000000087
"183",0.0512585176601579,36.7060000000001,0.158000000000357
"184",0.00712679104031277,27.8410000000003,0.225000000000364
"185",0.0181899182158017,21.1139999999996,0.271999999999935
"186",0.0396016090475931,29.174,0.0259999999998399
"187",0.028148380761741,17.2759999999998,0.0879999999997381
"188",0.047260519950741,23.3400000000001,0.0760000000000218
"189",0.0646879067577815,32.0140000000001,0.114999999999782
"190",0.0543091070473769,30.7129999999997,0.120999999999185
"191",0.0427510729646673,26.7330000000002,0.0510000000003856
"192",0.0426083944884343,32.7559999999994,0.353000000000065
"193",0.0618690638081578,14.7700000000004,0.0650000000005093
"194",0.0508727115742405,29.951,0.0500000000001819
"195",0.0532142554901427,30.8329999999996,0.0270000000000437
"196",0.0761643503716093,27.1390000000001,0.200000000000728
"197",0.0495723975630741,23.2370000000001,0.175000000000182
"198",0.069918552487286,28.1509999999998,0.0320000000001528
"199",0.0400988758095198,16.0060000000003,0.0639999999993961
"200",0.0519394529683949,19.9189999999999,0.126000000000204
"201",0.0328910042976547,13.5940000000001,0.167999999999665
"202",0.0491960154499431,33.4290000000001,0.167000000000371
"203",0.0616994282803918,32.4300000000003,10.8209999999999
"204",0.0275902353222516,27.0870000000004,0.130999999999403
"205",0.0670562855233925,22.549,0.28899999999976
"206",0.0181572283318356,20.7280000000001,0.167999999999665
"207",0.0395693713470852,23.9750000000004,0.0549999999993815
"208",0.0470638204010367,26.7150000000001,0.173999999999978
"209",0.0772835035738462,28.6130000000003,0.13799999999992
"210",0.0438259515662605,35.4120000000003,0.298999999999978
"211",0.0790161802058244,12.7030000000004,0.0250000000005457
"212",0.0386689306783454,23.0810000000001,0.0489999999999782
"213",0.0750590225850456,31.5620000000008,0.0270000000000437
"214",0.0931642757929233,37.1729999999998,0.221000000000458
"215",0.0708036553881783,33.8940000000002,0.20299999999952
"216",0.0243157788573564,49.2929999999997,0.238000000000284
"217",0.0605412976042118,60.7469999999994,0.177999999999884
"218",0.0587531204533702,35.3620000000001,0.217999999999847
"219",0.0129423956091215,33.3309999999992,0.01299999999992
"220",0.065945893655644,39.558,0.36200000000008
"221",0.02870836564317,37.5879999999997,0.363000000000284
"222",0.0340797911435666,40.3149999999996,0.25
"223",0.0495467141492818,35.1639999999998,0.363999999999578
"224",0.027066198033011,37.5259999999998,0.252000000000407
"225",0.0639277115711262,30.9870000000001,0.0230000000001382
"226",0.0790596147802653,32.8010000000004,0.141000000000531
"227",0.077593047858656,31.6140000000005,0.175000000000182
"228",0.0299748150754006,39.1289999999999,0.186999999999898
"229",0.017770794707736,29.6900000000005,0.0209999999997308
"230",0.0283403044082404,30.2039999999997,0.0500000000001819
"231",0.0388621737254529,31.0219999999999,0.15099999999984
"232",0.0504238798984368,44.518,0.252000000000407
"233",0.0209497104625018,32.1109999999999,0.157999999999447
"234",0.0507806704553557,28.1940000000004,25.0500000000002
"235",0.0388338904551628,23.3119999999999,0.257000000000517
"236",0.0749926006720008,39.4579999999996,0.270000000000437
"237",0.0438678877546557,61.4949999999999,0.461999999999534
"238",0.0745422218984387,64.0619999999999,0.331999999999425
"239",0.0446046584389911,77.3530000000001,0.265999999999622
"240",0.0557738278730308,54.1879999999992,0.405000000000655
"241",0.0464316170771711,34.5830000000005,0.0630000000001019
"242",0.0392502407219157,32.9279999999999,0.119999999999891
"243",0.0229700929602799,29.2219999999998,0.328999999999724
"244",0.013362855723661,26.1620000000003,0.372999999999593
"245",0.027498804534648,53.9049999999997,0.215000000000146
"246",0.060101547725811,61.3370000000004,0.193999999999505
"247",0.044606215082923,41.2809999999999,0.058999999999287
"248",0.0710342952548575,31.0810000000001,0.170000000000073
"249",0.0448419920279183,33.8789999999999,0.243000000000393
"250",0.00688162876733933,32.4880000000003,0.316000000000713
"251",0.0220189898357981,39.7929999999997,0.0929999999998472
"252",0.0366729962387211,31.4530000000004,0.25800000000072
"253",0.0296625317467143,46.1130000000003,0.175999999999476
"254",0.0681942516508334,46.0609999999997,0.447999999999411
"255",0.0816102035598958,30.9870000000001,0.106000000000677
"256",0.0169583537231242,20.7669999999998,0.239000000000487
"257",0.0711437788055253,39.2759999999998,0.0950000000002547
"258",0.0332338578166771,33.2039999999997,0.0429999999996653
"259",0.0650805888240265,32.8560000000007,0.229999999999563
"260",0.0371580187265849,24.0869999999995,0.01299999999992
"261",0.0734876871611371,33.8710000000001,0.297999999999774
"262",0.0523294514675208,30.5020000000004,0.521999999999935
"263",0.0101987991152297,35.4169999999995,0.280999999999949
"264",0.0757464886694921,25.125,0.259000000000015
"265",0.0466253411978829,35.2169999999996,0.476000000000568
"266",0.0677326258518093,31.2639999999992,0.125
"267",0.0376821221915846,38.6090000000004,0.0430000000005748
"268",0.0354416856677043,34.317,0.158999999999651
"269",0.0410474633125159,22.1540000000005,0.190000000000509
"270",0.0303015486265402,33.8220000000001,0.240000000000691
"271",0.0643372341673196,30.335,0.400000000000546
"272",0.0560534214946729,25.0170000000007,0.389000000000124
"273",0.0198041667247706,29.2449999999999,0.103000000000065
"274",0.0711768116692611,31.2399999999998,0.391999999999825
"275",0.0234345184274983,27.4840000000004,0.204999999999927
"276",0.0529305603232295,37.5829999999996,0.354000000000269
"277",0.0539179562282528,41.0940000000001,0.297999999999774
"278",0.0591872786299141,39.5099999999993,0.305999999999585
"279",0.0628992207753352,35.6840000000002,0.351999999999862
"280",0.0526491585303422,43.9309999999996,0.489999999999782
"281",0.0129102819151402,31.1099999999997,0.105999999999767
"282",0.0520555713176632,36.7809999999999,0.166000000000167
"283",0.0295757284386791,45.4669999999996,0.300000000000182
"284",0.0336113224540038,43.3110000000006,0.377999999998792
"285",0.0602693094639493,43.8430000000008,0.365999999999985
"286",0.0210309521404507,45.2870000000003,0.0259999999998399
"287",0.0531732856278046,37.7019999999993,0.358000000000175
"288",0.0324589337077785,36.6419999999998,0.077000000001135
"289",0.0417069320431278,29.8670000000002,0.111999999999171
"290",0.015855112557061,42.3770000000004,0.221999999999753
"291",0.0577160495580316,31.8490000000002,0.215000000000146
"292",0.0548493957653132,35.5949999999993,0.17200000000048
"293",0.0505902943725852,43.237000000001,0.236000000000786
"294",0.0516246043338286,39.2090000000007,0.260000000000218
"295",0.0245564504978344,44.0969999999998,0.212000000001353
"296",0.0223582484252451,45.0589999999993,0.300000000001091
"297",0.0443348768014802,44.3790000000008,0.148000000001048
"298",0.0158889240679072,28.9480000000003,0.367000000000189
"299",0.0493072941913323,41.1190000000006,0.216000000000349
"300",0.0448702554872,36.6769999999997,0.384000000000015
"301",0.0523353518388873,33.7659999999996,0.380000000001019
"302",0.0666223723842674,62.6669999999995,0.247999999999593
"303",0.0165605156413476,53.2710000000006,0.324999999998909
"304",0.0469502458400988,71.8880000000008,0.336999999999534
"305",0.0210525468850448,46.530999999999,0.25
"306",0.0505662744893467,36.0969999999998,0.0470000000004802
"307",0.0257797280489733,52.9449999999997,0.17699999999968
"308",0.0458547161333688,30.9420000000009,0.33600000000115
"309",0.0652506899482217,30.1010000000006,0.0270000000000437
"310",0.0642637644249222,42.768,0.282999999999447
"311",0.0575648641825205,22.6209999999992,0.15599999999904
"312",0.0834131624625629,29.4969999999994,0.293999999999869
"313",0.0845728631824216,25.7070000000003,0.318999999999505
"314",0.065243595460631,26.7920000000013,0.290999999999258
"315",0.00910790055844179,28.4570000000003,0.240999999999985
"316",0.0551569673683698,21.8649999999998,0.253999999998996
"317",0.0641478972710341,25.0509999999995,0.190999999998894
"318",0.0247376221041048,37.6029999999992,0.177999999999884
"319",0.0435463901398128,28.5239999999994,0.0250000000014552
"320",0.00758446466873242,28.0469999999987,0.28099999999904
"321",0.0374575285213303,36.3089999999993,0.0249999999996362
"322",0.0315621874780698,25.1759999999995,0.120999999999185
"323",0.0514492925926247,43.6679999999997,0.220999999999549
"324",0.0375543530993983,27.8770000000004,0.202000000001135
"325",0.0377736726907222,41.3870000000006,0.381999999999607
"326",0.0317013599296526,36.8189999999995,0.197000000000116
"327",0.0122702755839726,51.1849999999995,0.272000000000844
"328",0.00545310272638821,32.0959999999995,0.252000000000407
"329",0.0346779772397053,38.351999999999,0.330000000001746
"330",0.0254536202074289,31.1499999999996,0.356999999999971
"331",0.0594222764041159,31.3880000000008,0.327000000001135
"332",0.0794842075000761,37.2150000000001,0.354000000001179
"333",0.0308113488203684,38.8359999999993,0.129000000000815
"334",0.0305928032678416,60.3159999999989,0.136000000000422
"335",0.0295357814791178,60.7389999999996,0.341000000000349
"336",0.0481085391108664,51.6259999999984,0.281000000000859
"337",0.0653418128878428,45.0289999999986,0.293999999999869
"338",0.0539628004991948,58.4430000000011,0.314000000000306
"339",0.0432431114326409,46.7179999999989,0.33600000000115
"340",0.0501228644357083,31.9770000000008,0.110000000000582
"341",0.0622328650121412,22.5810000000001,0.345999999999549
"342",0.0539122504219651,32.2880000000005,0.3799999999992
"343",0.0693384739548173,33.3279999999995,0.246000000001004
"344",0.0422283776612689,29.5319999999992,0.230999999999767
"345",0.0189014830745478,28.5589999999993,0.218999999999141
"346",0.018502893161992,26.4030000000002,0.244000000000597
"347",0.0759198629099459,32.0199999999986,0.183999999999287
"348",0.060655184851314,33.5849999999991,0.365999999999985
"349",0.0197472109734834,29.0540000000001,0.117000000000189
"350",0.041333696330274,25.6649999999991,0.189000000000306
"351",0.0417291337977209,25.2470000000012,0.0259999999998399
"352",0.0270583580690798,28.8279999999995,0.322000000000116
"353",0.0363212279328435,38,0.300000000001091
"354",0.00645899611687245,28.6689999999999,0.220999999999549
"355",0.0355065309477705,30.8180000000011,0.209000000000742
"356",0.0683072670338273,37.2100000000009,0.334000000000742
"357",0.0828991984808724,27.6579999999994,36.8140000000003
"358",0.0846223858948757,32.2109999999993,0.329999999999927
"359",0.0513939327788616,26.0600000000013,0.202000000001135
"360",0.0408232853068691,27.2669999999998,0.340000000000146
"361",0.0395517157309708,40.018,38.8320000000003
"362",0.0458908440814449,34.9629999999997,0.344999999999345
"363",0.0561710595633118,33.3069999999989,0.394000000000233
"364",0.0379562516581486,36.0560000000005,0.420000000000073
"365",0.0396089015740901,30.4139999999989,0.346000000001368
"366",0.0738806996928077,27.5200000000004,0.465000000000146
"367",0.0659027505978962,42.639000000001,0.278000000000247
"368",0.0317461335707131,40.5190000000002,0.324999999998909
"369",0.047152159606301,30.4530000000013,0.253999999998996
"370",0.0406166142241482,29.5799999999999,0.102000000000771
"371",0.0363244408687123,44.2939999999999,0.237999999999374
"372",0.0341893720509672,37.9920000000002,0.0830000000005384
"373",0.0453151208445264,30.9650000000001,0.415000000000873
"374",0.0264902448169483,21.0699999999997,0.105999999999767
"375",0.0419409864365141,24.871000000001,0.268000000000029
"376",0.0437837256308802,21.3940000000002,0.235000000000582
"377",0.0491191703434709,33.241,0.358000000000175
"378",0.0425726064099788,26.2099999999991,0.283999999999651
"379",0.0408024394717738,31.0540000000001,0.44800000000032
"380",0.052022162017142,40.2749999999996,0.493000000000393
"381",0.0553615316156608,28.4259999999995,0.0509999999994761
"382",0.0590081905495791,30.4850000000006,0.26799999999821
"383",0.0726122876332999,24.5460000000003,0.0229999999992287
"384",0.0642554608575678,30.5820000000003,0.043999999999869
"385",0.0374386244749684,29.7970000000005,0.0249999999996362
"386",0.07085875878122,34.9079999999994,0.341000000000349
"387",0.0390741186476017,23.7219999999998,0.334999999999127
"388",0.0394130896216839,31.146999999999,0.556000000000495
"389",0.0546044631938056,33.6939999999995,0.0229999999992287
"390",0.0182825212286238,35.5030000000006,0.347000000001572
"391",0.0160408768461293,32.0060000000012,0.299999999999272
"392",0.0599411068069542,41.107,0.0829999999987194
"393",0.0245743184847973,54.2309999999998,0.273000000001048
"394",0.0428679938961819,42.4290000000001,0.263999999999214
"395",0.0161768920135615,60.8189999999995,0.207000000000335
"396",0.0314915682711319,47.1869999999999,0.322000000000116
"397",0.0460259091296886,35.9570000000003,0.325000000000728
"398",0.0696536290935278,28.3240000000005,0.229999999999563
"399",0.0331921831313002,37.3029999999999,0.14600000000064
"400",0.0498653567677312,50.8359999999993,0.20299999999952
"401",0.00585023827441078,25.9330000000009,0.268000000000029
"402",0.0460034080082271,43.1720000000005,0.291000000001077
"403",0.0451420679244158,24.9709999999995,0.216000000000349
"404",0.0354272866208389,33.8590000000004,0.194999999999709
"405",0.0477572845063213,45.2459999999992,0.228000000000975
"406",0.00561856365837626,29.8810000000012,0.255000000001019
"407",0.0497370367794175,25.5870000000014,0.34900000000016
"408",0.0512453842262321,33.4590000000007,0.31800000000112
"409",0.0436773059767474,28.1449999999986,0.326999999999316
"410",0.0222653478268994,22.226999999999,0.181000000000495
"411",0.0223385814809813,23.6910000000007,0.213999999999942
"412",0.040448567827108,31.7880000000005,0.189000000000306
"413",0.0426713098902423,39.5280000000002,0.404000000000451
"414",0.0495918296094697,26.9349999999995,0.381999999999607
"415",0.0235279690814065,41.5479999999989,0.200000000000728
"416",0.0619367020256993,21.9169999999995,0.2450000000008
"417",0.0571227537566044,34.6319999999996,0.222999999999956
"418",0.0306443324713126,28.4040000000005,0.247999999999593
"419",0.0238728399212289,18.8850000000002,0.32799999999952
"420",0.0500259467919968,37.4030000000002,0.301000000001295
"421",0.0310100040546964,22.2939999999999,0.21100000000115
"422",0.0562169307200816,37.2240000000002,0.159999999999854
"423",0.0270917343875963,30.2440000000006,0.438000000000102
"424",0.0504762662757359,41.0060000000012,0.315000000000509
"425",0.0210878353892248,29.4349999999995,0.280000000000655
"426",0.0149223495704257,41.6370000000006,0.156999999999243
"427",0.0477599339815764,39.5730000000003,0.240999999999985
"428",0.0571348251672956,53.2049999999999,0.354000000001179
"429",0.0662071591604564,50.8520000000008,0.388000000000829
"430",0.0218270104325337,55.0429999999997,0.199000000000524
"431",0.0259750973724847,43.4639999999999,0.296000000000276
"432",0.0621270026116594,26.369999999999,0.505000000001019
"433",0.0130888685467767,23.0810000000001,0.0230000000010477
"434",0.0184642688931895,26.6869999999999,0.300999999999476
"435",0.0656077230947451,47.1790000000001,17.0460000000003
"436",0.0667504342333112,27.860999999999,0.106999999999971
"437",0.0694965123514996,33.9220000000005,0.459000000000742
"438",0.0353729267130479,33.1750000000011,0.081000000000131
"439",0.0478546002189391,25.8520000000008,0.225000000000364
"440",0.0342953188954295,26.021999999999,0.197000000000116
"441",0.0138751567078823,25.3040000000001,0.178999999998268
"442",0.0438540461433381,25.7810000000009,0.055000000000291
"443",0.0374077083034831,28.0589999999993,0.129000000000815
"444",0.0520420044482564,36.3580000000002,0.202000000001135
"445",0.027127046510212,31.9129999999986,0.101999999998952
"446",0.0465180171234837,28.887999999999,0.28099999999904
"447",0.0354717222924773,28.3469999999998,0.30199999999968
"448",0.0452350192160065,23.0169999999998,0.248000000001412
"449",0.0235608305489158,25.3909999999996,0.216000000000349
"450",0.0359873615014567,31.9250000000011,0.206000000000131
"451",0.0619066418820985,42.4390000000003,0.0490000000008877
"452",0.0299739219219129,33.6700000000001,0.282999999999447
"453",0.0223783144742193,40.1589999999997,0.210000000000946
"454",0.0515206920042366,27.3270000000011,0.047999999998865
"455",0.0126247733372515,31.3550000000014,0.0890000000017608
"456",0.0307174361572911,38.1550000000007,0.0730000000003201
"457",0.0308806019368139,56.9500000000007,0.162000000000262
"458",0.0772573343903938,47.7209999999995,0.278000000000247
"459",0.03622456565829,46.7939999999999,0.252999999998792
"460",0.0605577129989534,48.1449999999986,0.209999999999127
"461",0.0720921713863486,37.9989999999998,0.0570000000006985
"462",0.030137811620992,28.4400000000005,0.0259999999998399
"463",0.043242617342461,26.1769999999997,0.208999999998923
"464",0.0217024566508802,25.1959999999999,0.125
"465",0.0336052102195707,50.5100000000002,0.0460000000002765
"466",0.0670871033906402,31.1540000000005,0.30199999999968
"467",0.0652423108300391,28.7909999999993,0.472999999999956
"468",0.00827048441318712,28.6959999999999,0.289000000000669
"469",0.0520025583259464,25.5570000000007,0.201000000000931
"470",0.0253700039504771,33.3289999999997,0.319999999999709
"471",0.0596626450847851,39.8719999999994,0.351000000000568
"472",0.0367688829709722,29.3209999999999,0.381000000001222
"473",0.0226170355159676,22.9879999999994,0.244000000000597
"474",0.0585727265456591,25.3020000000015,0.355999999999767
"475",0.0271716931803412,44.137999999999,0.203999999999724
"476",0.0747570150111782,23.8220000000001,0.260000000000218
"477",0.0455477797743958,20.7799999999988,0.509000000000015
"478",0.0443420195147957,27.9620000000014,0.31000000000131
"479",0.0821657840787811,31.1029999999992,0.39600000000064
"480",0.0694639737390068,26.4140000000007,0.287000000000262
"481",0.00476594569760236,25.3639999999996,0.209000000000742
"482",0.0227204452385964,31.9670000000006,0.342999999998938
"483",0.021213383405788,29.8709999999992,0.229999999999563
"484",0.041216819248806,28.7439999999988,0.191000000000713
"485",0.0224422579311091,30.402,0.32300000000032
"486",0.060067415446952,26.7829999999994,0.1200000000008
"487",0.0330467410136671,29.3310000000001,0.404000000000451
"488",0.0511383952872969,27.509,0.360999999998967
"489",0.0292386814102741,39.9260000000013,0.0280000000002474
"490",0.0600695866248221,36.5799999999999,0.432999999999083
"491",0.0497764026599853,47.0209999999988,0.435999999999694
"492",0.0570600696266045,49.2219999999998,0.438999999998487
"493",0.0344687444616388,40.768,0.269000000000233
"494",0.023140799201867,60.0460000000003,0.182000000000698
"495",0.0769392426849291,42.244999999999,0.378000000000611
"496",0.0434304440955401,23.9989999999998,0.227999999999156
"497",0.0392419708021789,36.2939999999999,0.274999999999636
"498",0.0731892506848612,28.6009999999987,0.452000000001135
"499",0.0336148848132366,31.7119999999995,0.290000000000873
"500",0.0254803348956725,37.5360000000001,0.396999999999025
"501",0.0427828774399792,36.0750000000007,0.253000000000611
"502",0.0389975018219767,29.2139999999999,0.0609999999996944
"503",0.0765674830483793,29.2080000000005,0.0900000000001455
"504",0.0579801083691903,30.2250000000004,0.183000000000902
"505",0.0183166018082457,53.5770000000011,0.41399999999885
"506",0.0112010782705247,29.5020000000004,0.0279999999984284
"507",0.0226213750755617,27.2150000000001,0.217999999998938
"508",0.0441895612854279,35.7489999999998,0.207000000000335
"509",0.0391300331000213,28.9060000000009,0.152000000000044
"510",0.0282653998698111,27.4229999999989,0.274000000001251
"511",0.0726976810620011,33.6540000000005,0.525000000001455
"512",0.0818394482576124,34.5260000000017,0.104999999999563
"513",0.0746601602409386,31.8070000000007,0.289000000000669
"514",0.0505708476766487,28.905999999999,0.237999999997555
"515",0.0331669526621743,39.4629999999997,0.22899999999936
"516",0.0812871141739422,29.3429999999971,0.404999999998836
"517",0.0355240389456839,31.974000000002,0.181000000000495
"518",0.0599887982315666,24.002999999997,0.179000000000087
"519",0.0531189894504438,27.1320000000014,0.102999999999156
"520",0.0380614637167621,30.2589999999982,0.270999999997002
"521",0.0406669533523202,27.5669999999991,0.0509999999994761
"522",0.0551938707997315,30.5819999999985,0.259000000001834
"523",0.0397098975639614,54.4939999999988,0.10399999999936
"524",0.051444386896322,51.2340000000004,0.224999999998545
"525",0.0347809886529034,50.6090000000004,0.360000000000582
"526",0.0904442644276433,51.0699999999997,0.0749999999970896
"527",0.0150595856116359,23.9370000000017,0.197000000000116
"528",0.0670404781930014,45.0900000000001,0.331999999998516
"529",0.0418928739643909,34.1730000000025,0.316999999999098
"530",0.0476498650643202,22.9210000000021,0.346999999997934
"531",0.0375283746226448,30.2390000000014,0.197000000000116
"532",0.0546893953647421,31.9389999999985,0.109000000000378
"533",0.0467525702783527,27.1669999999976,0.112999999997555
"534",0.0430372282727872,27.780999999999,20.5080000000016
"535",0.0335617051845043,25.2570000000014,0.273999999997613
"536",0.0427143257349299,26.369999999999,0.398000000001048
"537",0.0418687549427773,27.1469999999972,0.0240000000012515
"538",0.0372084881896725,30.9890000000014,0.0250000000014552
"539",0.0567060667818717,28.6610000000001,0.17699999999968
"540",0.0526729039510362,22.0770000000011,0.115000000001601
"541",0.0241345731379705,27.487000000001,0.11200000000099
"542",0.0533508268612225,22.8450000000012,0.0829999999987194
"543",0.0291010446638937,22.1319999999978,0.0780000000013388
"544",0.0601749441763595,23.255000000001,0.23700000000099
"545",0.037803345880328,24.7979999999989,0.145000000000437
"546",0.0354041187437563,18.887999999999,0.0230000000010477
"547",0.0500428233113855,39.6519999999982,0.139999999999418
"548",0.0310795803581663,23.732,24.8499999999985
"549",0.0327921002815238,28.6910000000025,0.394000000000233
"550",0.0283329824901017,48.0790000000015,0.100000000002183
"551",0.0804822291777025,45.2179999999971,0.143000000000029
"552",0.0510174632037448,38.8659999999982,0.265999999999622
"553",0.0581134740820406,38.8329999999987,0.325000000000728
"554",0.0174856737468201,36.5770000000011,0.312000000001717
"555",0.0460816930287835,23.8309999999983,0.111999999997352
"556",0.090355814375272,29.7180000000008,0.329000000001543
"557",0.0165583743275706,33.1039999999994,0.0969999999979336
"558",0.0232752911706372,21.5879999999997,0.032999999999447
"559",0.0394711091504043,20.6520000000019,0.0309999999990396
"560",0.0497899981586615,32.9290000000001,0.231999999999971
"561",0.0578398887910166,27.6229999999996,0.0470000000022992
"562",0.0443508574081761,30.0630000000019,0.0260000000016589
"563",0.0207234091828505,23.5950000000012,0.382000000001426
"564",0.046005843911557,24.9500000000007,0.424999999999272
"565",0.0367457980765115,21.3919999999998,0.0410000000010768
"566",0.0585935466994235,20.3369999999995,0.125
"567",0.0141838536393631,26.8240000000005,0.0240000000012515
"568",0.0128519797462191,26.8369999999995,0.172999999998865
"569",0.017261199850386,33.9230000000025,0.35399999999936
"570",0.0332931550963707,35.6239999999998,0.0429999999978463
"571",0.0317881380313357,29.0779999999977,0.0499999999992724
"572",0.0196272953283386,31.0119999999988,0.212999999999738
"573",0.0262691621188132,22.4310000000005,0.265999999999622
"574",0.0305603161503443,30.9150000000009,0.122999999999593
"575",0.0188655533664326,24.5360000000001,0.31499999999869
"576",0.0264891202282743,35.989999999998,0.147000000000844
"577",0.0713377374019667,28.7439999999988,0.309999999997672
"578",0.0594796325092633,37.0620000000017,0.055000000000291
"579",0.0288822891291121,27.0280000000021,0.281999999999243
"580",0.0260608711542099,21.5270000000019,0.220000000001164
"581",0.0479673519668856,21.2780000000021,0.0260000000016589
"582",0.0397478315917677,19.8870000000024,0.247999999999593
"583",0.0242860878860502,43.0989999999983,0.275000000001455
"584",0.00609435735386077,45.4959999999992,0.327000000001135
"585",0.0204655682521043,55.1919999999991,0.22099999999773
"586",0.0490614167621147,50.6360000000022,0.393000000000029
"587",0.0477277673870358,55.3050000000003,0.370999999999185
"588",0.0790372530897967,48.6660000000011,0.27299999999741
"589",0.0726590625279768,30.1009999999987,0.0640000000021246
"590",0.0438255022393346,20.6059999999998,0.0119999999988067
"591",0.0261730566587245,28.7700000000004,0.304000000000087
"592",0.0846870090542392,22.4880000000012,0.23700000000099
"593",0.0414175075806554,40.8050000000003,0.302000000003318
"594",0.0598734905242515,27.0239999999976,0.129000000000815
"595",0.0346124010875758,46.2950000000019,0.465000000000146
"596",0.072364420126164,23.1929999999993,0.100999999998749
"597",0.0322780572666372,38.612000000001,0.0260000000016589
"598",0.0395099576249632,23.3590000000004,0.0499999999992724
"599",0.0364910182318128,22.7249999999985,0.272000000000844
"600",0.0793305022452589,23.4020000000019,0.547000000002299
"601",0.0291524551027614,30.0509999999995,0.380000000001019
"602",0.0357393697673882,26.3729999999996,0.195999999999913
"603",0.0341143448199623,29.0479999999989,0.055000000000291
"604",0.0451256819995635,41.3029999999999,0.0669999999990978
"605",0.0671321683706552,23.7949999999983,0.227999999999156
"606",0.0303376744695575,32.3990000000013,0.181000000000495
"607",0.0397029625498316,24.8830000000016,0.28099999999904
"608",0.04832154045356,31.1899999999987,0.320999999999913
"609",0.0373518849000475,18.2389999999978,0.0120000000024447
"610",0.05901713957207,33.8739999999998,0.182000000000698
"611",0.0704314505097484,35.7760000000017,0.0250000000014552
"612",0.0367429197331494,23.6900000000023,0.298999999999069
"613",0.000604204654123586,23.7480000000032,0.342999999997119
"614",0.0727342888087861,31.9989999999998,0.136999999998807
"615",0.0688809553528219,48.6270000000004,0.436000000001513
"616",0.0610325816475763,40.5760000000009,0.288999999997031
"617",0.0464378940927317,50.8600000000006,0.427999999999884
"618",0.0161042740467262,41.9490000000005,0.253000000000611
"619",0.0541395342220916,24.5950000000012,0.222000000001572
"620",0.0482164156335501,24.4789999999994,0.350999999998749
"621",0.0259107318758426,27.3660000000018,0.52900000000227
"622",0.0619580713992126,37.976999999999,0.0559999999968568
"623",0.0267644373018313,43.2530000000006,0.165000000000873
"624",0.0739960738378416,34.5830000000024,0.166000000001077
"625",0.0599837630283998,25.0479999999989,0.0269999999982247
"626",0.0258934226032348,25.125,0.218000000000757
"627",0.0350762948583757,23.6939999999995,0.376000000000204
"628",0.0421970312268881,45.3940000000002,0.151999999998225
"629",0.0776609122808307,33.3450000000012,0.0849999999991269
"630",0.0280826450726936,27.8320000000022,0.134000000001834
"631",0.0200667915797041,20.1399999999994,0.0250000000014552
"632",0.068414920957736,31.492000000002,0.0499999999992724
"633",0.041076579403083,25.2409999999982,0.0270000000018626
"634",0.0282110342478997,30.4459999999999,0.044000000001688
"635",0.0204589815469089,25.9010000000017,0.0240000000012515
"636",0.0433067542145492,21.143,0.0639999999984866
"637",0.0428663997216265,26.8309999999983,0.0299999999988358
"638",0.0282809614200344,23.773000000001,0.0260000000016589
"639",0.0452070465815711,32.7749999999978,0.0730000000003201
"640",0.0325428799124848,19.2049999999981,0.0280000000020664
"641",0.027821165518841,23.6440000000002,0.0259999999980209
"642",0.0374573052981357,40.8970000000008,0.069999999999709
"643",0.0360516194176795,25.6820000000007,0.0299999999988358
"644",0.0729005630857331,30.7429999999986,0.225999999998749
"645",0.0380377624816534,33.474000000002,0.343000000000757
"646",0.0191385878541566,41.3129999999983,0.278999999998632
"647",0.0874115053944912,49.982,0.684999999997672
"648",0.0280684746121656,52.275999999998,0.135000000002037
"649",0.0141931645439236,44.1620000000003,0.309000000001106
"650",0.0425629486044712,35.4020000000019,0.325000000000728
"651",0.0392750322083208,45.9340000000011,0.295000000001892
"652",0.0672916969146643,35.1119999999974,0.301000000003114
"653",0.0844000770043718,33.5620000000017,0.419999999998254
"654",0.0763159393866919,37.2760000000017,0.152999999998428
"655",0.0622875153955995,27.2669999999998,0.0250000000014552
"656",0.0376645012982242,35.7030000000013,0.356999999999971
"657",0.0323027612417668,27.4830000000002,0.380999999997584
"658",0.0511672491542633,23.3349999999991,0.0259999999980209
"659",0.0123685853310654,26.6189999999988,0.330000000001746
"660",0.0573937760058567,22.3070000000007,0.263999999999214
"661",0.0451248546536885,26.599000000002,0.383999999998196
"662",0.00991096822191695,26.6980000000003,0.383999999998196
"663",0.0137529165137101,23.8019999999997,0.0970000000015716
"664",0.038433516126759,18.6339999999982,0.338999999999942
"665",0.0142154508398848,30.0570000000007,0.0910000000003492
"666",0.0307212928257713,30.3050000000003,0.143999999996595
"667",0.057874087111479,30.1549999999988,0.0489999999990687
"668",0.0490986802360408,27.1009999999987,0.386999999998807
"669",0.0202458147650539,25.3299999999981,0.141999999999825
"670",0.0433467284869105,22.3539999999994,0.0279999999984284
"671",0.0471423755059103,20.8230000000003,0.184000000001106
"672",0.06515228053269,28.7540000000008,0.0480000000025029
"673",0.0125197209039269,37.4040000000023,0.210000000002765
"674",0.0621476431139352,32.0959999999977,0.055000000000291
"675",0.0392393790691379,27.4860000000008,0.0290000000022701
"676",0.0315913714444251,28.8410000000003,0.200999999997293
"677",0.033259331515909,48.7960000000021,0.0819999999985157
"678",0.00469556262917359,42.6370000000024,0.132000000001426
"679",0.0461293757433596,39.018,0.0780000000013388
"680",0.0588853167963692,58.7659999999996,0.329000000001543
"681",0.0397552082040353,26.4020000000019,0.437000000001717
"682",0.0465917598197265,39.1160000000018,0.403000000002066
"683",0.0571862904126305,25.3820000000014,0.199000000000524
"684",0.0548957874390151,20.8979999999974,0.388999999999214
"685",0.0688285559878191,19.0299999999988,0.17699999999968
"686",0.039052345171498,27.9259999999995,0.202000000001135
"687",0.0322060179445089,21.2199999999975,0.244999999998981
"688",0.00845934080818611,10.1000000000022,0.38300000000163
"689",0.0632662588088636,37.0679999999993,0.058999999997468
"690",0.00613783254644695,23.732,0.0190000000002328
"691",0.04203425134338,19.1980000000003,0.0260000000016589
"692",0.0277475797008907,21.9449999999997,0.314000000002125
"693",0.0598991122909461,21.3090000000011,0.0310000000026776
"694",0.067850693939798,28.1280000000006,0.25800000000163
"695",0.0138175302034127,19.0430000000015,0.14600000000064
"696",0.0343502910184735,21.8209999999999,0.0230000000010477
"697",0.0327875668252137,28.7210000000014,0.0240000000012515
"698",0.0420157982720254,25.0349999999999,0.132000000001426
"699",0.0383469912772267,29.9169999999976,0.0399999999972351
"700",0.0216846155259458,32.0459999999985,0.0289999999986321
"701",0.0466761779586169,31.4399999999987,0.34599999999773
"702",0.0112378277646306,21.8789999999972,0.302000000003318
"703",0.0459318595964076,26.0400000000009,0.401999999998225
"704",0.0762501891239177,37.7559999999976,0.465000000000146
"705",0.0414417143309848,32.3260000000009,0.497999999999593
"706",0.0568368127437413,33.6290000000008,0.233000000000175
"707",0.0768210646457366,24.4099999999999,0.0289999999986321
"708",0.0230597431399355,33.7599999999984,0.0489999999990687
"709",0.0523309997790265,25.8729999999996,0.0510000000031141
"710",0.038270615970919,26.125,0.15599999999904
"711",0.0548923437628663,29.6419999999998,0.0499999999992724
"712",0.0739588874808891,40.1720000000023,0.438999999998487
"713",0.0138265091656251,39.0739999999969,0.286999999996624
"714",0.0218876399835599,56.8580000000002,0.292000000001281
"715",0.0464381342037632,56.4429999999993,0.290000000000873
"716",0.0226419698156442,38.7570000000014,0.171999999998661
"717",0.0315295601482494,29.5040000000008,0.233000000000175
"718",0.0806371245737085,24.9959999999992,0.371999999999389
"719",0.0500729563352179,25.7309999999998,0.0459999999984575
"720",0.085838495515951,18.9650000000001,0.0119999999988067
"721",0.0801702474055924,26.3009999999995,0.363999999997759
"722",0.0486656299347804,26.226999999999,0.195999999999913
"723",0.051540049570202,14.9419999999991,0.0250000000014552
"724",0.0144421149266665,26.6160000000018,0.276000000001659
"725",0.0271206767343675,19.3459999999977,0.113000000001193
"726",0.0440002665470357,20.6640000000007,0.0889999999999418
"727",0.0432451798834057,22.1850000000013,0.0249999999978172
"728",0.0197644741662525,22.0279999999984,0.0320000000028813
"729",0.0855355986229529,19.8590000000004,0.0429999999978463
"730",0.0355657160088189,16.6039999999994,0.0250000000014552
"731",0.018125742603236,22.2040000000015,0.0640000000021246
"732",0.056447511603949,26.4739999999983,0.27100000000064
"733",0.0134716719840455,29.130000000001,0.266999999999825
"734",0.0326215201254216,30.5810000000019,0.0829999999987194
"735",0.0111376514131722,24.6700000000019,0.0430000000014843
"736",0.0666882455747831,19.9349999999977,0.044000000001688
"737",0.054547592923809,24.6759999999995,0.0719999999964784
"738",0.0519042671681464,31.4049999999988,0.194999999999709
"739",0.059229081523029,24.8359999999993,0.0740000000005239
"740",0.0335096857555027,22.773000000001,0.022000000000844
"741",0.0699578511075788,21.7410000000018,0.0230000000010477
"742",0.050891397783642,31.6800000000003,0.14600000000064
"743",0.0217481730918475,24.4759999999987,0.261000000002241
"744",0.0435739178633285,28.8349999999991,0.18999999999869
"745",0.070525001115193,15.5630000000019,0.188000000001921
"746",0.041836671953833,23.7890000000007,0.022000000000844
"747",0.0331310857015934,33.7829999999994,0.40599999999904
"748",0.0399955356684153,27.5570000000007,0.236000000000786
"749",0.0658669325068963,24.3160000000025,0.24199999999837
"750",0.0500524503448581,25.2010000000009,0.377999999996973
"751",0.0497894401959719,52.2119999999995,0.167999999997846
"752",0.0223945634886867,43.8760000000002,0.395000000000437
"753",0.0929083297583978,39.1470000000008,0.239000000001397
"754",0.0523120977303304,40.3719999999994,0.234000000000378
"755",0.0201957316713658,42.9350000000013,0.299999999999272
"756",0.043717989093136,46.2089999999989,0.294000000001688
"757",0.036236655417982,31.7309999999998,0.0259999999980209
"758",0.026620492747371,23.4400000000023,0.294000000001688
"759",0.0614007775298145,23.5600000000013,24.9219999999987
"760",0.024954852740246,26.711000000003,0.0670000000027358
"761",0.0254225305990117,31.7999999999993,0.0499999999992724
"762",0.0296475010871505,22.7700000000004,0.0250000000014552
"763",0.018935207867527,28.382999999998,0.0250000000014552
"764",0.0417992231719868,20.0869999999995,0.0149999999994179
"765",0.0264695999760498,22.1440000000002,0.0149999999994179
"766",0.0138411421649683,29.6360000000022,0.021999999997206
"767",0.0455599124420256,27.836000000003,0.0169999999998254
"768",0.0574278634729217,33.9540000000015,0.0499999999992724
"769",0.0638737227734121,28.5060000000012,0.0259999999980209
"770",0.0544146458448709,23.8220000000001,0.0240000000012515
"771",0.0479429607197858,29.9189999999981,0.0269999999982247
"772",0.012803508500177,25.1110000000008,0.0250000000014552
"773",0.0871243089826673,17.7930000000015,0.0120000000024447
"774",0.0417810081861431,27.0789999999979,0.0249999999978172
"775",0.0242240581639461,29.4300000000003,0.0249999999978172
"776",0.0686604206003233,29.6209999999992,0.0469999999986612
"777",0.0625628540315983,23.0769999999975,0.216000000000349
"778",0.0570329239876949,20.2880000000005,0.102999999999156
"779",0.0184639370510138,24.4140000000007,0.167000000001281
"780",0.0256694707228996,20.018,0.304000000000087
"781",0.0570508820404803,30.0280000000021,0.0230000000010477
"782",0.0412766290474356,23.8129999999983,0.105999999999767
"783",0.0364636364182449,32.5370000000003,0.241000000001804
"784",0.0373595497791961,36.2910000000011,0.187999999998283
"785",0.058956314788567,38.507999999998,0.0910000000003492
"786",0.0143129859526412,47.9860000000008,0.290000000000873
"787",0.0217185214822813,46.3090000000011,0.293000000001484
"788",0.0827888139182074,54.3539999999994,0.44999999999709
"789",0.0417928651976641,38.2439999999988,15.5089999999982
"790",0.0223454597556115,39.0730000000003,0.295000000001892
"791",0.0531266295803534,29.9719999999979,8.3760000000002
"792",0.0319612597721618,29.2829999999994,0.329999999998108
"793",0.0730385989749609,29.3069999999971,0.290000000000873
"794",0.0489105562393074,24.5090000000018,0.208000000002357
"795",0.0303411833330258,21.2900000000009,0.135000000002037
"796",0.0552826179415618,32.0470000000023,0.261999999998807
"797",0.0290187079680816,22.0540000000001,0.0250000000014552
"798",0.0182000679415953,17.8100000000013,0.0209999999970023
"799",0.039386413987273,22.7890000000007,0.0430000000014843
"800",0.0667111058041926,21.6990000000005,0.0249999999978172
"801",0.0364998304675594,20.7740000000013,0.0159999999996217
"802",0.0592269557714854,22.1320000000014,0.173000000002503
"803",0.0217007527935628,17.637999999999,0.30199999999968
"804",0.0379763829103518,28.224000000002,0.206999999998516
"805",0.0276403734912968,27.1029999999992,0.0140000000028522
"806",0.0452478291828036,17.0540000000001,0.0120000000024447
"807",0.0424182929823686,21.4720000000016,0.13799999999901
"808",0.0366980767151863,18.4429999999993,0.0269999999982247
"809",0.0358790740786652,22.2089999999989,0.0259999999980209
"810",0.0364355321309524,20.244999999999,0.0149999999994179
"811",0.05794505803217,28.9459999999999,0.0499999999992724
"812",0.0455473190200709,24.0979999999981,0.0169999999998254
"813",0.0795439277191295,32.7379999999976,0.047999999998865
"814",0.029073603366448,14.5319999999992,0.0119999999988067
"815",0.0727653765513572,22.2459999999992,0.0169999999998254
"816",0.070499896598001,19.648000000001,0.0139999999992142
"817",0.0801537712096089,31.9530000000013,0.0719999999964784
"818",0.0689455725507389,24.893,0.0169999999998254
"819",0.0389826272505931,26.742000000002,0.0930000000007567
"820",0.0206427729586991,27.2849999999999,0.215000000000146
"821",0.0591012822839624,34.2119999999995,0.13799999999901
"822",0.0109043690829179,47.242000000002,0.502000000000407
"823",0.0370489999340132,46.6949999999997,0.568999999999505
"824",0.0845675614162017,41.6150000000016,0.42699999999968
"825",0.0205532675300331,44.9069999999992,0.292000000001281
"826",0.0320138173722897,18.9989999999998,0.0119999999988067
"827",0.0731347540543945,22.3630000000012,0.0279999999984284
"828",0.0322915403632349,19.6449999999968,0.235000000000582
"829",0.0879413850662764,17.2969999999987,0.194999999999709
"830",0.0375999629292729,13.4459999999999,0.0270000000018626
"831",0.0632214632823956,22.5679999999993,0.021999999997206
"832",0.0293574978988828,20.7949999999983,0.0150000000030559
"833",0.0189996305527985,20.0770000000011,0.0159999999996217
"834",0.0357402727431895,21.1450000000004,0.0239999999976135
"835",0.0515153008310258,25.5149999999994,0.0250000000014552
"836",0.0274809494443138,23.137999999999,0.0410000000010768
"837",0.0393297620452862,16.4860000000008,0.0269999999982247
"838",0.0354526961032254,28.5489999999991,0.069999999999709
"839",0.0152683217108547,23.4099999999999,0.022000000000844
"840",0.0219863921809387,26.9680000000008,0.0529999999998836
"841",0.0035583994615207,14.8870000000024,0.0659999999988941
"842",0.0598970850066448,15.5529999999999,0.169000000001688
"843",0.0334062681744127,18.6340000000018,0.0280000000020664
"844",0.035569622219705,39.6409999999996,0.149000000001251
"845",0.0571082460419708,34.0560000000005,0.119000000002416
"846",0.0616983865956611,23.9300000000003,0.405000000002474
"847",0.0689226250576347,14.0369999999966,0.243999999998778
"848",0.0785166117305815,25.385000000002,0.306000000000495
"849",0.0323057362733675,27.5950000000012,0.238000000001193
"850",0.0406212569141778,39.1990000000005,0.0279999999984284
"851",0.0411282651077635,24.7160000000003,0.367000000002008
"852",0.0238328717719538,20.6820000000007,0.148000000001048
"853",0.0365426997597494,15.5739999999969,0.0829999999987194
"854",0.0194951279138257,39.1310000000012,0.0450000000018917
"855",0.0480408249576575,21.1880000000019,0.0259999999980209
"856",0.0444933485974778,27.6100000000006,0.0910000000003492
"857",0.0341132670505841,22.482,0.115000000001601
"858",0.0795927417966567,27.3809999999976,0.04399999999805
"859",0.0629716237080093,26.1820000000007,0.0410000000010768
"860",0.0324120562309608,23.601999999999,0.109000000000378
"861",0.083051562744564,32.5080000000016,0.38799999999901
"862",0.0695215917653394,28.724000000002,0.431000000000495
"863",0.0343917547502419,33.6539999999986,0.391999999999825
"864",0.0677428220955728,20.8499999999985,0.338999999999942
"865",0.0342273070418865,20.489999999998,0.253000000000611
"866",0.0357958022721765,26.9000000000015,0.251999999996769
"867",0.0392308640765053,21.1380000000026,0.265999999999622
"868",0.0592345958952049,25.7729999999974,0.45600000000195
"869",0.0873149059153798,40.612000000001,0.248999999999796
"870",0.070344627062277,22.4939999999988,0.158999999999651
"871",0.0414462020197841,22.4680000000008,0.0299999999988358
"872",0.039299169568895,20.862000000001,0.0909999999967113
"873",0.0403838918104769,25.9230000000025,0.22899999999936
"874",0.0833024156768611,31.3040000000001,0.0310000000026776
"875",0.0882830542515718,33.9639999999999,0.0429999999978463
"876",0.0606006575879102,35.2870000000003,0.159000000003289
"877",0.043926265600897,16.0450000000019,0.0119999999988067
"878",0.0486911316169552,53.5240000000013,0.0999999999985448
"879",0.0590318300865169,53.5540000000001,0.294000000001688
"880",0.0334693520927962,55.2049999999981,0.149000000001251
"881",0.0476350409889951,41.8330000000024,0.200000000000728
"882",0.028726941817983,36.3260000000009,0.216999999996915
"883",0.0398539812621792,27.895999999997,0.0239999999976135
"884",0.0161104778355485,25.5030000000006,0.0239999999976135
"885",0.0694671290390737,27.3770000000004,0.0460000000020955
"886",0.00707463515602469,25.9069999999992,0.0259999999980209
"887",0.0504028339809025,23.1959999999999,0.0290000000022701
"888",0.0128646887001557,27.8389999999999,0.0900000000001455
"889",0.0277254696802379,30.8760000000002,0.0349999999998545
"890",0.0393795185728731,33.1200000000026,0.200000000000728
"891",0.047427504139101,22.8369999999995,0.0839999999989232
"892",0.081457103066435,21.8709999999992,0.0299999999988358
"893",0.0070067247124056,28.4419999999991,0.0689999999995052
"894",0.0638122922427254,29.0149999999994,0.0680000000029395
"895",0.0290244372277259,37.7009999999973,0.146999999997206
"896",0.0332888208705877,22.1769999999997,0.0259999999980209
"897",0.0746521137374944,15.0219999999972,0.10399999999936
"898",0.0380135324434187,22.8109999999979,0.0459999999984575
"899",0.0279882260915549,26.4939999999988,0.0250000000014552
"900",0.0206713053532286,40.4750000000022,0.0289999999986321
"901",0.0196433869469411,30.257999999998,0.0249999999978172
"902",0.0126691952606727,33.1599999999999,0.0190000000002328
"903",0.0477344297920774,30.1440000000002,0.0429999999978463
"904",0.0665166061311261,20.3790000000008,0.171999999998661
"905",0.0660325199319617,28.8339999999989,0.230999999999767
"906",0.0381571096260008,15.9049999999988,0.141999999999825
"907",0.0556878896280039,32.398000000001,0.231999999999971
"908",0.0474537217285474,33.4410000000025,0.246999999999389
"909",0.0292810424420987,47.4439999999995,0.252000000000407
"910",0.0206900979116839,41.5240000000013,0.294000000001688
"911",0.0457848922937975,47.5590000000011,0.268000000000029
"912",0.065833792984218,22.867000000002,0.169999999998254
"913",0.0730834834935252,25.2020000000011,0.295999999998457
"914",0.0185088761504825,22.893,0.0850000000027649
"915",0.00994946385104312,22.9360000000015,0.0950000000011642
"916",0.0225357978329019,43.6690000000017,0.0779999999977008
"917",0.0463290569511492,31.6620000000003,0.0190000000002328
"918",0.0569898050770512,29.4639999999999,0.125
"919",0.0396005488723989,18.3549999999996,0.0879999999997381
"920",0.0568824180397411,21.5869999999995,0.0970000000015716
"921",0.0105152140325748,24.4729999999981,0.0159999999996217
"922",0.0484669335231835,20.5319999999992,0.0159999999996217
"923",0.0085556262619495,36.3830000000016,0.139000000002852
"924",0.0191603873521847,18.599000000002,0.0250000000014552
"925",0.010991266789395,20.5020000000004,0.0230000000010477
"926",0.0586559209099542,26.6939999999995,0.0249999999978172
"927",0.0251247391803354,26.1720000000023,0.0180000000000291
"928",0.0310793373249848,23.5419999999976,0.0190000000002328
"929",0.0644452592340899,20.1500000000015,0.0509999999994761
"930",0.0441258353145229,21.1239999999998,0.0190000000002328
"931",0.0379319701915572,21.7409999999982,0.0190000000002328
"932",0.0245854119477209,20.2479999999996,0.0139999999992142
"933",0.0781771896848104,22.5020000000004,0.0400000000008731
"934",0.0226500241161494,22.7439999999988,0.254999999997381
"935",0.0720038399151199,19.2030000000013,0.306000000000495
"936",0.0846440175954568,13.1359999999986,0.23700000000099
"937",0.0326350936585512,27.6490000000013,0.0430000000014843
"938",0.0500998188537356,28.387999999999,0.0420000000012806
"939",0.0465472139722352,25.9620000000032,0.0319999999992433
"940",0.0522628879072438,27.5269999999982,0.0339999999996508
"941",0.0400899255261597,42.625,0.126000000000204
"942",0.0491727846284984,35.8679999999986,0.0260000000016589
"943",0.0599384224357618,34.5659999999989,0.0319999999992433
"944",0.0117813545156807,46.5629999999983,0.0449999999982538
"945",0.0252418318172257,19.0540000000001,0.307000000000698
"946",0.0858738692420193,27.3950000000004,0.461000000002969
"947",0.0448404514109492,30.8700000000026,0.0949999999975262
"948",0.0557911947346935,23.4179999999978,0.322000000000116
"949",0.0506883708216736,17.9559999999983,0.113000000001193
"950",0.0743569982137532,25.1800000000003,0.277999999998428
"951",0.0669308276613452,18.5139999999992,0.0229999999974098
"952",0.0566439802380516,21.7520000000004,0.0309999999990396
"953",0.0645745680591679,27.2340000000004,0.13300000000163
"954",0.0161015172580883,25.0599999999977,0.0290000000022701
"955",0.0618607348648561,21.3179999999993,0.0210000000006403
"956",0.0206710015398362,24.2589999999982,0.0270000000018626
"957",0.030711593074363,30.3760000000002,0.0210000000006403
"958",0.0485210815913765,23.5500000000029,0.0239999999976135
"959",0.00387566665634809,22.099000000002,0.0180000000000291
"960",0.0207393473104353,22.0419999999976,0.0720000000001164
"961",0.0640897039626297,23.4360000000015,0.13300000000163
"962",0.0479749236917471,26.7489999999998,0.0210000000006403
"963",0.00849455255659792,23.0269999999982,0.0410000000010768
"964",0.0317034657890097,22.9099999999999,0.128000000000611
"965",0.051313175192605,26.7450000000026,0.0180000000000291
"966",0.0393065679624045,24,0.0149999999994179
"967",0.0106516593439356,30.9569999999985,0.0400000000008731
"968",0.0802130491309306,31.8960000000006,0.360999999997148
"969",0.028664750386506,13.3029999999999,0.234000000000378
"970",0.0129941775038989,12.7310000000034,0.296999999998661
"971",0.053439431220863,25.8679999999986,0.190000000002328
"972",0.0349409360354865,24.0970000000016,0.0540000000000873
"973",0.047692892574479,40.8189999999995,0.236000000000786
"974",0.0291742779056945,38.1059999999998,0.242999999998574
"975",0.0553772178467942,46.1310000000012,0.442999999999302
"976",0.0337701491403929,33.880000000001,0.19800000000032
"977",0.0506029442173106,42.3400000000001,0.295000000001892
"978",0.0312157378203309,39.6729999999989,0.272000000000844
"979",0.056076092029328,19.5380000000005,0.372999999999593
"980",0.0254737760161658,22.3260000000009,0.171999999998661
"981",0.079163885689426,34.2179999999971,0.0889999999999418
"982",0.037261510253238,22.5479999999989,0.0240000000012515
"983",0.0274497038624909,22.3430000000008,0.032999999999447
"984",0.0601197816751662,28.0529999999999,0.0460000000020955
"985",0.0527178842571214,25.8400000000001,0.0259999999980209
"986",0.0158044452354377,23.4300000000003,0.0250000000014552
"987",0.064038434992587,31.8130000000019,0.0879999999997381
"988",0.0344470073090942,25.8009999999995,0.0190000000002328
"989",0.00630943844956522,32.3080000000009,0.0319999999992433
"990",0.0781997975590359,21.3590000000004,0.0169999999998254
"991",0.0505429342554002,41.5160000000033,0.0210000000006403
"992",0.0455215851795361,25.4409999999989,0.0200000000004366
"993",0.0611177624405666,23.6949999999997,0.0269999999982247
"994",0.0279608315680824,26.7450000000026,0.0210000000006403
"995",0.0324126422309097,28.6970000000001,0.0200000000004366
"996",0.0486878222327088,28.0740000000005,0.0400000000008731
"997",0.0343906445788291,28.1009999999987,0.022000000000844
"998",0.0356760279327349,25.6369999999988,0.0449999999982538
"999",0.0637155676364696,27.357,0.0310000000026776
"1000",0.0646302612451179,35.3739999999998,0.0360000000000582
